CREATE DATABASE  IF NOT EXISTS `tarea8_compaaerea` /*!40100 DEFAULT CHARACTER SET utf8mb4 COLLATE utf8mb4_unicode_ci */;
USE `tarea8_compaaerea`;
-- MySQL dump 10.13  Distrib 8.0.19, for Win64 (x86_64)
--
-- Host: 127.0.0.1    Database: tarea8_compaaerea
-- ------------------------------------------------------
-- Server version	5.7.28

/*!40101 SET @OLD_CHARACTER_SET_CLIENT=@@CHARACTER_SET_CLIENT */;
/*!40101 SET @OLD_CHARACTER_SET_RESULTS=@@CHARACTER_SET_RESULTS */;
/*!40101 SET @OLD_COLLATION_CONNECTION=@@COLLATION_CONNECTION */;
/*!50503 SET NAMES utf8 */;
/*!40103 SET @OLD_TIME_ZONE=@@TIME_ZONE */;
/*!40103 SET TIME_ZONE='+00:00' */;
/*!40014 SET @OLD_UNIQUE_CHECKS=@@UNIQUE_CHECKS, UNIQUE_CHECKS=0 */;
/*!40014 SET @OLD_FOREIGN_KEY_CHECKS=@@FOREIGN_KEY_CHECKS, FOREIGN_KEY_CHECKS=0 */;
/*!40101 SET @OLD_SQL_MODE=@@SQL_MODE, SQL_MODE='NO_AUTO_VALUE_ON_ZERO' */;
/*!40111 SET @OLD_SQL_NOTES=@@SQL_NOTES, SQL_NOTES=0 */;

--
-- Table structure for table `avion`
--

DROP TABLE IF EXISTS `avion`;
/*!40101 SET @saved_cs_client     = @@character_set_client */;
/*!50503 SET character_set_client = utf8mb4 */;
CREATE TABLE `avion` (
  `Código_Avión` varchar(30) COLLATE utf8mb4_unicode_ci NOT NULL,
  `Modelo` varchar(30) COLLATE utf8mb4_unicode_ci NOT NULL,
  `Base_Asignada` int(6) NOT NULL,
  PRIMARY KEY (`Código_Avión`),
  KEY `fk_AVION_BASE1_idx` (`Base_Asignada`),
  CONSTRAINT `fk_AVION_BASE1` FOREIGN KEY (`Base_Asignada`) REFERENCES `base` (`Número_de_Base`) ON DELETE NO ACTION ON UPDATE NO ACTION
) ENGINE=InnoDB DEFAULT CHARSET=utf8mb4 COLLATE=utf8mb4_unicode_ci;
/*!40101 SET character_set_client = @saved_cs_client */;

--
-- Dumping data for table `avion`
--

LOCK TABLES `avion` WRITE;
/*!40000 ALTER TABLE `avion` DISABLE KEYS */;
INSERT INTO `avion` VALUES ('HJA-7892-7619-XRX','BOEING-767',745931),('JDL-5378-1201-HWS','BOEING-777',529631),('JHS-6733-9901-BAM','BOEING-767',745931),('KIL-6759-1092-UJA','BOEING-747',125964),('KMA-9012-0982-POA','AIRBUS A340',529631),('LAK-8903-8921-OIA','BOEING-777',529631),('LME-8310-1793-MNA','AIRBUS A340',896378),('LPA-7310-9101-HAB','AIRBUS A340',745931),('NKÑ-7230-0913-MNN','BOEING-757',896378),('NMA-0192-2739-KOA','BOEING-757',896378),('PAC-4567-6793-OIU','BOEING-747',125964);
/*!40000 ALTER TABLE `avion` ENABLE KEYS */;
UNLOCK TABLES;

--
-- Table structure for table `base`
--

DROP TABLE IF EXISTS `base`;
/*!40101 SET @saved_cs_client     = @@character_set_client */;
/*!50503 SET character_set_client = utf8mb4 */;
CREATE TABLE `base` (
  `Número_de_Base` int(6) NOT NULL,
  `Dirección` varchar(145) COLLATE utf8mb4_unicode_ci NOT NULL,
  `Capacidad_Aviones` int(3) NOT NULL,
  `Capacidad_Empleados` int(3) NOT NULL,
  PRIMARY KEY (`Número_de_Base`)
) ENGINE=InnoDB DEFAULT CHARSET=utf8mb4 COLLATE=utf8mb4_unicode_ci;
/*!40101 SET character_set_client = @saved_cs_client */;

--
-- Dumping data for table `base`
--

LOCK TABLES `base` WRITE;
/*!40000 ALTER TABLE `base` DISABLE KEYS */;
INSERT INTO `base` VALUES (125964,'Av. Capitán Carlos León S/N, Peñón de los Baños, Venustiano Carranza',34,351),(529631,'Carr. Guadalajara - Chapala Km 17.5, 45659 Jal.',28,410),(745931,'Carr. Miguel Alemán Km 24, 66600 Cd Apodaca, N.L.',29,285),(896378,'Carretera Estatal 200 Lote 22500, 76270 Tequisquiapan, Qro.',49,175);
/*!40000 ALTER TABLE `base` ENABLE KEYS */;
UNLOCK TABLES;

--
-- Table structure for table `empleado`
--

DROP TABLE IF EXISTS `empleado`;
/*!40101 SET @saved_cs_client     = @@character_set_client */;
/*!50503 SET character_set_client = utf8mb4 */;
CREATE TABLE `empleado` (
  `Código_Empleado` varchar(10) COLLATE utf8mb4_unicode_ci NOT NULL,
  `Nombre` varchar(60) COLLATE utf8mb4_unicode_ci NOT NULL,
  `Apellidos` varchar(60) COLLATE utf8mb4_unicode_ci NOT NULL,
  `Base` int(6) NOT NULL,
  `Piloto/Cabina` char(1) COLLATE utf8mb4_unicode_ci NOT NULL,
  PRIMARY KEY (`Código_Empleado`),
  KEY `fk_EMPLEADO_BASE1_idx` (`Base`),
  CONSTRAINT `fk_EMPLEADO_BASE1` FOREIGN KEY (`Base`) REFERENCES `base` (`Número_de_Base`) ON DELETE NO ACTION ON UPDATE NO ACTION
) ENGINE=InnoDB DEFAULT CHARSET=utf8mb4 COLLATE=utf8mb4_unicode_ci;
/*!40101 SET character_set_client = @saved_cs_client */;

--
-- Dumping data for table `empleado`
--

LOCK TABLES `empleado` WRITE;
/*!40000 ALTER TABLE `empleado` DISABLE KEYS */;
INSERT INTO `empleado` VALUES ('1032695558','Pedro','Tellez Vásquez',529631,'C'),('1233695664','Lionel','Henández Tolisso',896378,'C'),('1236695470','Karen','Arguelles Maduro',745931,'C'),('1254789962','Tania','Alcántara Mendoza',529631,'P'),('2365874501','Hugo','Sánchez Márquez',125964,'C'),('2366998741','María','Sirvent Toledo',745931,'P'),('2389321440','Luna','Mercado Castro',896378,'C'),('2719712901','Ignacio','Zaragoza Castro',125964,'C'),('4266985411','Bob','Smith Mcdonall',896378,'C'),('4589632210','David','Villa Ramírez',529631,'C'),('4589663241','Camila','Rentería Rodríguez',896378,'P'),('5236985513','Federico','Del Castillo Pérez',745931,'C'),('5696322145','Ana María','Toledo Cortéz',125964,'C'),('5899563002','Francisco','Benavente López',745931,'C'),('6321444598','Mariana','De la Macorra Cruz',529631,'C'),('6322598744','Josefina','Hidalgo Morelos',896378,'C'),('7896541230','Beatriz','Paredes Ruíz',125964,'C'),('8965321041','Fernando','Torres Castillo',125964,'P'),('8966321425','Brayan','Hernández Guzmán',745931,'C'),('9666587441','Paul','Le Blanc Rossieu',529631,'C');
/*!40000 ALTER TABLE `empleado` ENABLE KEYS */;
UNLOCK TABLES;

--
-- Table structure for table `empleado_particioa_vuelo`
--

DROP TABLE IF EXISTS `empleado_particioa_vuelo`;
/*!40101 SET @saved_cs_client     = @@character_set_client */;
/*!50503 SET character_set_client = utf8mb4 */;
CREATE TABLE `empleado_particioa_vuelo` (
  `Código_Empleado` varchar(10) COLLATE utf8mb4_unicode_ci NOT NULL,
  `no_de_vuelo` varchar(7) COLLATE utf8mb4_unicode_ci NOT NULL,
  `Fecha` date NOT NULL,
  `Código_Avión` varchar(30) COLLATE utf8mb4_unicode_ci NOT NULL,
  `#_tripulación` int(3) NOT NULL,
  PRIMARY KEY (`no_de_vuelo`,`Fecha`,`Código_Empleado`),
  KEY `fk_EMPLEADO_PARTICIOA_VUELO_EMPLEADO1_idx` (`Código_Empleado`),
  KEY `fk_EMPLEADO_PARTICIOA_VUELO_VUELO1_idx` (`no_de_vuelo`,`Fecha`),
  KEY `fk_EMPLEADO_PARTICIOA_VUELO_AVION1_idx` (`Código_Avión`),
  CONSTRAINT `fk_EMPLEADO_PARTICIOA_VUELO_AVION1` FOREIGN KEY (`Código_Avión`) REFERENCES `avion` (`Código_Avión`) ON DELETE NO ACTION ON UPDATE NO ACTION,
  CONSTRAINT `fk_EMPLEADO_PARTICIOA_VUELO_EMPLEADO1` FOREIGN KEY (`Código_Empleado`) REFERENCES `empleado` (`Código_Empleado`) ON DELETE NO ACTION ON UPDATE NO ACTION,
  CONSTRAINT `fk_EMPLEADO_PARTICIOA_VUELO_VUELO1` FOREIGN KEY (`no_de_vuelo`, `Fecha`) REFERENCES `vuelo` (`no_de_vuelo`, `Fecha`) ON DELETE NO ACTION ON UPDATE NO ACTION,
  CONSTRAINT `fk_EMPLEADO_PARTICIOA_VUELO_VUELO2` FOREIGN KEY (`no_de_vuelo`, `Fecha`) REFERENCES `vuelo` (`no_de_vuelo`, `Fecha`) ON DELETE NO ACTION ON UPDATE NO ACTION
) ENGINE=InnoDB DEFAULT CHARSET=utf8mb4 COLLATE=utf8mb4_unicode_ci;
/*!40101 SET character_set_client = @saved_cs_client */;

--
-- Dumping data for table `empleado_particioa_vuelo`
--

LOCK TABLES `empleado_particioa_vuelo` WRITE;
/*!40000 ALTER TABLE `empleado_particioa_vuelo` DISABLE KEYS */;
INSERT INTO `empleado_particioa_vuelo` VALUES ('1233695664','B6-3021','2020-03-17','KMA-9012-0982-POA',2),('2389321440','B6-3021','2020-03-17','KMA-9012-0982-POA',2),('4266985411','B6-3021','2020-03-17','KMA-9012-0982-POA',2),('4589663241','B6-3021','2020-03-17','KMA-9012-0982-POA',2),('6322598744','B6-3021','2020-03-17','KMA-9012-0982-POA',2),('1233695664','B6-3021','2020-04-09','HJA-7892-7619-XRX',2),('2389321440','B6-3021','2020-04-09','HJA-7892-7619-XRX',2),('4266985411','B6-3021','2020-04-09','HJA-7892-7619-XRX',2),('4589663241','B6-3021','2020-04-09','HJA-7892-7619-XRX',2),('6322598744','B6-3021','2020-04-09','HJA-7892-7619-XRX',2),('1233695664','B6-3021','2020-05-01','LPA-7310-9101-HAB',2),('2389321440','B6-3021','2020-05-01','LPA-7310-9101-HAB',2),('4266985411','B6-3021','2020-05-01','LPA-7310-9101-HAB',2),('4589663241','B6-3021','2020-05-01','LPA-7310-9101-HAB',2),('6322598744','B6-3021','2020-05-01','LPA-7310-9101-HAB',2),('1236695470','G3-8830','2020-01-14','JHS-6733-9901-BAM',1),('2366998741','G3-8830','2020-01-14','JHS-6733-9901-BAM',1),('5236985513','G3-8830','2020-01-14','JHS-6733-9901-BAM',1),('5899563002','G3-8830','2020-01-14','JHS-6733-9901-BAM',1),('8966321425','G3-8830','2020-01-14','JHS-6733-9901-BAM',1),('1236695470','G3-8830','2020-03-18','KMA-9012-0982-POA',1),('2366998741','G3-8830','2020-03-18','KMA-9012-0982-POA',1),('5236985513','G3-8830','2020-03-18','KMA-9012-0982-POA',1),('5899563002','G3-8830','2020-03-18','KMA-9012-0982-POA',1),('8966321425','G3-8830','2020-03-18','KMA-9012-0982-POA',1),('1236695470','G3-8830','2020-04-11','HJA-7892-7619-XRX',1),('2366998741','G3-8830','2020-04-11','HJA-7892-7619-XRX',1),('5236985513','G3-8830','2020-04-11','HJA-7892-7619-XRX',1),('5899563002','G3-8830','2020-04-11','HJA-7892-7619-XRX',1),('8966321425','G3-8830','2020-04-11','HJA-7892-7619-XRX',1),('1236695470','G3-8830','2020-05-03','LPA-7310-9101-HAB',1),('2366998741','G3-8830','2020-05-03','LPA-7310-9101-HAB',1),('5236985513','G3-8830','2020-05-03','LPA-7310-9101-HAB',1),('5899563002','G3-8830','2020-05-03','LPA-7310-9101-HAB',1),('8966321425','G3-8830','2020-05-03','LPA-7310-9101-HAB',1),('1032695558','H2-6320','2020-02-28','KIL-6759-1092-UJA',4),('1254789962','H2-6320','2020-02-28','KIL-6759-1092-UJA',4),('4589632210','H2-6320','2020-02-28','KIL-6759-1092-UJA',4),('6321444598','H2-6320','2020-02-28','KIL-6759-1092-UJA',4),('9666587441','H2-6320','2020-02-28','KIL-6759-1092-UJA',4),('1032695558','H2-6320','2020-04-07','HJA-7892-7619-XRX',4),('1254789962','H2-6320','2020-04-07','HJA-7892-7619-XRX',4),('4589632210','H2-6320','2020-04-07','HJA-7892-7619-XRX',4),('6321444598','H2-6320','2020-04-07','HJA-7892-7619-XRX',4),('9666587441','H2-6320','2020-04-07','HJA-7892-7619-XRX',4),('1032695558','H2-6320','2020-04-30','LME-8310-1793-MNA',4),('1254789962','H2-6320','2020-04-30','LME-8310-1793-MNA',4),('4589632210','H2-6320','2020-04-30','LME-8310-1793-MNA',4),('6321444598','H2-6320','2020-04-30','LME-8310-1793-MNA',4),('9666587441','H2-6320','2020-04-30','LME-8310-1793-MNA',4),('1236695470','H4-7412','2020-01-18','JHS-6733-9901-BAM',1),('2366998741','H4-7412','2020-01-18','JHS-6733-9901-BAM',1),('5236985513','H4-7412','2020-01-18','JHS-6733-9901-BAM',1),('5899563002','H4-7412','2020-01-18','JHS-6733-9901-BAM',1),('8966321425','H4-7412','2020-01-18','JHS-6733-9901-BAM',1),('1236695470','H4-7412','2020-03-25','KMA-9012-0982-POA',1),('2366998741','H4-7412','2020-03-25','KMA-9012-0982-POA',1),('5236985513','H4-7412','2020-03-25','KMA-9012-0982-POA',1),('5899563002','H4-7412','2020-03-25','KMA-9012-0982-POA',1),('8966321425','H4-7412','2020-03-25','KMA-9012-0982-POA',1),('1236695470','H4-7412','2020-04-13','LAK-8903-8921-OIA',1),('2366998741','H4-7412','2020-04-13','LAK-8903-8921-OIA',1),('5236985513','H4-7412','2020-04-13','LAK-8903-8921-OIA',1),('5899563002','H4-7412','2020-04-13','LAK-8903-8921-OIA',1),('8966321425','H4-7412','2020-04-13','LAK-8903-8921-OIA',1),('2365874501','K9-7410','2020-02-19','KIL-6759-1092-UJA',3),('2719712901','K9-7410','2020-02-19','KIL-6759-1092-UJA',3),('5696322145','K9-7410','2020-02-19','KIL-6759-1092-UJA',3),('7896541230','K9-7410','2020-02-19','KIL-6759-1092-UJA',3),('8965321041','K9-7410','2020-02-19','KIL-6759-1092-UJA',3),('2365874501','K9-7410','2020-04-04','JDL-5378-1201-HWS',3),('2719712901','K9-7410','2020-04-04','JDL-5378-1201-HWS',3),('5696322145','K9-7410','2020-04-04','JDL-5378-1201-HWS',3),('7896541230','K9-7410','2020-04-04','JDL-5378-1201-HWS',3),('8965321041','K9-7410','2020-04-04','JDL-5378-1201-HWS',3),('2365874501','K9-7410','2020-04-28','LME-8310-1793-MNA',3),('2719712901','K9-7410','2020-04-28','LME-8310-1793-MNA',3),('5696322145','K9-7410','2020-04-28','LME-8310-1793-MNA',3),('7896541230','K9-7410','2020-04-28','LME-8310-1793-MNA',3),('8965321041','K9-7410','2020-04-28','LME-8310-1793-MNA',3),('1236695470','T8-6210','2020-02-12','KIL-6759-1092-UJA',1),('2366998741','T8-6210','2020-02-12','KIL-6759-1092-UJA',1),('5236985513','T8-6210','2020-02-12','KIL-6759-1092-UJA',1),('5899563002','T8-6210','2020-02-12','KIL-6759-1092-UJA',1),('8966321425','T8-6210','2020-02-12','KIL-6759-1092-UJA',1),('1236695470','T8-6210','2020-04-01','JDL-5378-1201-HWS',1),('2366998741','T8-6210','2020-04-01','JDL-5378-1201-HWS',1),('5236985513','T8-6210','2020-04-01','JDL-5378-1201-HWS',1),('5899563002','T8-6210','2020-04-01','JDL-5378-1201-HWS',1),('8966321425','T8-6210','2020-04-01','JDL-5378-1201-HWS',1),('1236695470','T8-6210','2020-04-23','LME-8310-1793-MNA',1),('2366998741','T8-6210','2020-04-23','LME-8310-1793-MNA',1),('5236985513','T8-6210','2020-04-23','LME-8310-1793-MNA',1),('5899563002','T8-6210','2020-04-23','LME-8310-1793-MNA',1),('8966321425','T8-6210','2020-04-23','LME-8310-1793-MNA',1),('1233695664','Y7-8741','2020-01-21','JHS-6733-9901-BAM',2),('2389321440','Y7-8741','2020-01-21','JHS-6733-9901-BAM',2),('4266985411','Y7-8741','2020-01-21','JHS-6733-9901-BAM',2),('4589663241','Y7-8741','2020-01-21','JHS-6733-9901-BAM',2),('6322598744','Y7-8741','2020-01-21','JHS-6733-9901-BAM',2),('1233695664','Y7-8741','2020-03-29','JDL-5378-1201-HWS',2),('2389321440','Y7-8741','2020-03-29','JDL-5378-1201-HWS',2),('4266985411','Y7-8741','2020-03-29','JDL-5378-1201-HWS',2),('4589663241','Y7-8741','2020-03-29','JDL-5378-1201-HWS',2),('6322598744','Y7-8741','2020-03-29','JDL-5378-1201-HWS',2),('1233695664','Y7-8741','2020-04-19','LAK-8903-8921-OIA',2),('2389321440','Y7-8741','2020-04-19','LAK-8903-8921-OIA',2),('4266985411','Y7-8741','2020-04-19','LAK-8903-8921-OIA',2),('4589663241','Y7-8741','2020-04-19','LAK-8903-8921-OIA',2),('6322598744','Y7-8741','2020-04-19','LAK-8903-8921-OIA',2);
/*!40000 ALTER TABLE `empleado_particioa_vuelo` ENABLE KEYS */;
UNLOCK TABLES;

--
-- Table structure for table `vuelo`
--

DROP TABLE IF EXISTS `vuelo`;
/*!40101 SET @saved_cs_client     = @@character_set_client */;
/*!50503 SET character_set_client = utf8mb4 */;
CREATE TABLE `vuelo` (
  `no_de_vuelo` varchar(7) COLLATE utf8mb4_unicode_ci NOT NULL,
  `Fecha` date NOT NULL,
  `Origen` varchar(45) COLLATE utf8mb4_unicode_ci NOT NULL,
  `Destino` varchar(45) COLLATE utf8mb4_unicode_ci NOT NULL,
  `Hora_de_salida` time NOT NULL,
  `Código_Avión` varchar(30) COLLATE utf8mb4_unicode_ci NOT NULL,
  `no_horas_de_vuelo_generadas` int(2) NOT NULL,
  PRIMARY KEY (`no_de_vuelo`,`Fecha`),
  KEY `fk_VUELO_AVION1_idx` (`Código_Avión`),
  CONSTRAINT `fk_VUELO_AVION1` FOREIGN KEY (`Código_Avión`) REFERENCES `avion` (`Código_Avión`) ON DELETE NO ACTION ON UPDATE NO ACTION
) ENGINE=InnoDB DEFAULT CHARSET=utf8mb4 COLLATE=utf8mb4_unicode_ci;
/*!40101 SET character_set_client = @saved_cs_client */;

--
-- Dumping data for table `vuelo`
--

LOCK TABLES `vuelo` WRITE;
/*!40000 ALTER TABLE `vuelo` DISABLE KEYS */;
INSERT INTO `vuelo` VALUES ('B6-3021','2020-03-17','Guadalajara','Querétaro','17:57:55','KMA-9012-0982-POA',1),('B6-3021','2020-04-09','Guadalajara','Querétaro','20:37:08','HJA-7892-7619-XRX',1),('B6-3021','2020-05-01','Guadalajara','Querétaro','04:12:00','LPA-7310-9101-HAB',1),('B6-3021','2020-06-29','Guadalajara','Querétaro','16:55:00','PAC-4567-6793-OIU',1),('G3-8830','2020-01-14','CDMX','Monterrey','13:23:00','JHS-6733-9901-BAM',2),('G3-8830','2020-03-18','CDMX','Monterrey','07:41:00','KMA-9012-0982-POA',2),('G3-8830','2020-04-11','CDMX','Monterrey','22:25:00','HJA-7892-7619-XRX',2),('G3-8830','2020-05-03','CDMX','Monterrey','17:48:00','LPA-7310-9101-HAB',2),('G3-8830','2020-07-12','CDMX','Monterrey','20:36:00','PAC-4567-6793-OIU',2),('H2-6320','2020-02-28','CDMX','Guadalajara','13:41:20','KIL-6759-1092-UJA',2),('H2-6320','2020-04-07','CDMX','Guadalajara','14:52:54','HJA-7892-7619-XRX',2),('H2-6320','2020-04-30','CDMX','Guadalajara','09:10:20','LME-8310-1793-MNA',2),('H2-6320','2020-06-24','CDMX','Guadalajara','12:14:00','NMA-0192-2739-KOA',2),('H4-7412','2020-01-18','Guadalajara','Monterrey','08:45:25','JHS-6733-9901-BAM',2),('H4-7412','2020-03-25','Guadalajara','Monterrey','11:30:25','KMA-9012-0982-POA',2),('H4-7412','2020-04-13','Guadalajara','Monterrey','21:41:25','LAK-8903-8921-OIA',2),('H4-7412','2020-05-15','Guadalajara','Monterrey','19:20:30','NKÑ-7230-0913-MNN',2),('H4-7412','2020-07-18','Guadalajara','Monterrey','07:12:00','PAC-4567-6793-OIU',2),('K9-7410','2020-02-19','Monterrey','CDMX','16:41:00','KIL-6759-1092-UJA',2),('K9-7410','2020-04-04','Monterrey','CDMX','06:32:00','JDL-5378-1201-HWS',2),('K9-7410','2020-04-28','Monterrey','CDMX','14:17:00','LME-8310-1793-MNA',2),('K9-7410','2020-06-18','Monterrey','CDMX','20:25:36','NMA-0192-2739-KOA',2),('T8-6210','2020-02-12','Querérato','Monterrey','02:54:00','KIL-6759-1092-UJA',1),('T8-6210','2020-04-01','Querérato','Monterrey','19:00:00','JDL-5378-1201-HWS',1),('T8-6210','2020-04-23','Querérato','Monterrey','16:20:00','LME-8310-1793-MNA',1),('T8-6210','2020-05-29','Querérato','Monterrey','04:58:00','NKÑ-7230-0913-MNN',1),('T8-6210','2020-08-03','Querérato','Monterrey','22:00:00','NMA-0192-2739-KOA',1),('Y7-8741','2020-01-21','Monterrey','Querétaro','22:41:00','JHS-6733-9901-BAM',1),('Y7-8741','2020-03-29','Monterrey','Querétaro','18:52:30','JDL-5378-1201-HWS',1),('Y7-8741','2020-04-19','Monterrey','Querétaro','14:45:00','LAK-8903-8921-OIA',1),('Y7-8741','2020-05-25','Monterrey','Querétaro','13:33:00','NKÑ-7230-0913-MNN',1),('Y7-8741','2020-08-01','Monterrey','Querétaro','02:26:00','PAC-4567-6793-OIU',1);
/*!40000 ALTER TABLE `vuelo` ENABLE KEYS */;
UNLOCK TABLES;
/*!40103 SET TIME_ZONE=@OLD_TIME_ZONE */;

/*!40101 SET SQL_MODE=@OLD_SQL_MODE */;
/*!40014 SET FOREIGN_KEY_CHECKS=@OLD_FOREIGN_KEY_CHECKS */;
/*!40014 SET UNIQUE_CHECKS=@OLD_UNIQUE_CHECKS */;
/*!40101 SET CHARACTER_SET_CLIENT=@OLD_CHARACTER_SET_CLIENT */;
/*!40101 SET CHARACTER_SET_RESULTS=@OLD_CHARACTER_SET_RESULTS */;
/*!40101 SET COLLATION_CONNECTION=@OLD_COLLATION_CONNECTION */;
/*!40111 SET SQL_NOTES=@OLD_SQL_NOTES */;

-- Dump completed on 2020-05-05  2:47:04
